group,y_true,score,split,y_pred
A,0,0.4072979813049247,val,0
A,0,0.09904792675539226,train,0
A,0,0.24884847654625872,test,0
A,0,0.13017905767425111,train,0
A,1,0.5981126406487938,train,1
A,1,0.8457324471238045,train,1
A,1,0.7665023966022436,train,1
A,0,0.1929678471742564,train,0
A,0,0.20371634190303844,val,0
A,0,0.10539904173973104,val,0
A,1,0.7509282370612582,train,1
A,0,0.11545456630731216,train,0
A,0,0.5445939239844048,train,1
A,0,0.16222256349719918,train,0
A,1,0.8681053331476917,train,1
A,1,0.36603544801931076,train,0
A,0,0.18601779478573388,val,0
A,0,0.24463246150361645,val,0
A,0,0.3023571224110568,test,0
A,0,0.15304629832405187,train,0
A,0,0.248292629503683,test,0
A,1,0.6683259089441194,train,1
A,0,0.1980873097959374,train,0
A,0,0.14704596278389911,test,0
A,0,0.13464891215512925,train,0
A,0,0.23951820276325989,train,0
A,1,0.6562473055711492,val,1
A,0,0.12316858262950178,test,0
A,0,0.2385513846309622,val,0
A,1,0.715330805953402,train,1
A,0,0.10651550414768843,train,0
A,1,0.8582109923597389,test,1
A,1,0.7662274670771995,train,1
A,0,0.38136064134600584,train,0
A,0,0.11834217633536433,train,0
A,0,0.06357579390583536,train,0
A,0,0.046102979947352546,train,0
A,1,0.7061751327013995,train,1
A,0,0.2641616777155537,train,0
A,0,0.11628819947971741,train,0
A,1,0.70888118231323,train,1
A,0,0.3153699515748227,train,0
A,1,0.7305306009529752,val,1
A,0,0.3325135214049226,train,0
A,0,0.19541622457865768,train,0
A,0,0.3293619477471917,test,0
A,0,0.31714398979664304,train,0
A,0,0.39498591208384887,train,0
A,0,0.12557965670158205,train,0
A,1,0.8790281842432534,val,1
A,0,0.03338608630698276,test,0
A,0,0.008607640586611488,test,0
A,0,0.30109536580071744,val,0
A,0,0.17336822819585995,train,0
A,0,0.07507023639282161,train,0
A,0,0.1954973470016562,train,0
A,1,0.8025059307184799,train,1
A,1,0.553938264607798,val,1
A,1,0.8081576442093596,train,1
A,0,0.1516589647364927,train,0
A,0,0.17677074410006685,val,0
A,0,0.1708696306287625,train,0
A,0,0.28797638346131404,train,0
A,0,0.08460188478837098,train,0
A,0,0.18062876777738526,train,0
A,0,0.12497730774068817,train,0
A,1,0.815985302809914,train,1
A,0,0.24387671237865138,train,0
A,1,0.993571567851676,val,1
A,0,0.10817089363147903,test,0
A,0,0.07084086890229406,train,0
A,1,0.8680541034522785,train,1
A,1,0.7422657084441071,val,1
A,0,0.22802546913568417,test,0
A,0,0.2074988595315992,train,0
A,0,0.045782975816222586,train,0
A,0,0.35825645114347066,val,0
A,1,0.89892367239504,train,1
A,0,0.23605483581837375,train,0
A,1,0.7681642913472556,train,1
A,0,0.14395374649918852,train,0
A,0,0.026996433970215016,train,0
A,0,0.3132412751809329,train,0
A,1,0.8235510908080886,test,1
A,0,0.21058533278490957,train,0
A,0,0.26913343247859656,train,0
A,0,0.19997310255797424,train,0
A,0,0.041520620106612637,test,0
A,0,0.15056914193695556,train,0
A,0,0.27611516449599655,train,0
A,1,0.8433896837114173,train,1
A,0,0.05169362768803917,val,0
A,0,0.15706978756665857,train,0
A,0,0.0790294969353361,train,0
A,0,0.2883418799150898,train,0
A,0,0.17242117552042593,test,0
A,0,0.2734867546188187,train,0
A,0,0.2666728390699405,val,0
A,1,0.8287048693055614,test,1
A,1,0.8428923047854171,test,1
A,1,0.5842934280593529,train,1
A,0,0.45477533561991734,test,0
A,0,0.40856664504925,train,0
A,0,0.06446692425104318,train,0
A,0,0.25124728653373063,test,0
A,0,0.48578871845695704,train,0
A,0,0.23623174587543289,train,0
A,0,0.4937810197725849,train,0
A,0,0.15543432579497193,train,0
A,1,0.7362115752892462,train,1
A,0,0.34510284656252543,val,0
A,1,0.8466994472282473,test,1
A,0,0.4395908649639022,train,0
A,0,0.0974722286042951,train,0
A,0,0.15858075199243435,test,0
A,0,0.457839273670827,train,0
A,0,0.17559845561547135,train,0
A,1,0.5825823708731076,train,1
A,0,0.30791185798545934,train,0
A,0,0.3255044882498315,train,0
A,0,0.10002172645187261,train,0
A,0,0.3086691002752189,train,0
A,0,0.25178858738482063,train,0
A,1,0.46672305227287775,train,0
A,0,0.11180290119768094,val,0
A,0,0.1210487149506618,val,0
A,0,0.435604559269974,train,0
A,0,0.08934960778969096,train,0
A,1,0.6990123263684086,test,1
A,0,0.28489116114117063,train,0
A,0,0.21708938114624507,test,0
A,0,0.33969337582277737,train,0
A,1,0.9279455869138129,test,1
A,0,0.29580591699564507,train,0
A,0,0.16761993812812748,train,0
A,0,0.11826603247448099,val,0
A,0,0.40847306589850935,train,0
A,0,0.3954686248043022,train,0
A,0,0.22490569003507432,train,0
A,0,0.19251916813941908,val,0
A,0,0.07376974398721531,train,0
A,0,0.3393807765200407,train,0
A,0,0.4365100085193295,train,0
A,0,0.0794523116420263,train,0
A,0,0.0932755248970277,train,0
A,1,0.7630473253597615,train,1
A,0,0.0958840088687625,train,0
A,0,0.14187386007763114,train,0
A,1,0.66797169519331,train,1
A,0,0.19575691817333,train,0
A,0,0.17824200172644317,train,0
A,0,0.06847257883556272,train,0
A,1,0.94130873210273,test,1
A,0,0.43238770347540334,train,0
A,0,0.10059103274924713,val,0
A,0,0.18440042926252,train,0
A,0,0.11701418829910513,train,0
A,0,0.3622575301897584,train,0
A,0,0.11505295684596445,train,0
A,0,0.215265640186295,test,0
A,0,0.4838470309053095,test,0
A,0,0.1546351555847448,val,0
A,0,0.22744115657442224,train,0
A,0,0.10088315995270271,train,0
A,1,0.5824776225777575,train,1
A,0,0.1788621125988224,test,0
A,0,0.27786213867346204,train,0
A,1,0.8876746194057324,train,1
A,1,0.7689245326462958,train,1
A,0,0.07322719720951389,train,0
A,0,0.15513432126043822,test,0
A,1,0.5443042714095676,train,1
A,0,0.23781623368252403,train,0
A,0,0.03938002615792091,train,0
A,0,0.26582320729882297,val,0
A,1,0.8295570315961339,train,1
A,0,0.216060399567081,val,0
A,0,0.12652294362573274,train,0
A,0,0.19697873726468074,test,0
A,1,0.7796373841429821,val,1
A,0,0.43108919545827873,train,0
A,1,0.7767313661576476,train,1
A,0,0.06010650093371311,train,0
A,0,0.1984762596864165,train,0
A,0,0.2915225781006205,test,0
A,0,0.10712777360855245,train,0
A,0,0.14928988913030272,train,0
A,0,0.3406126986218805,train,0
A,0,0.1746784945418953,train,0
A,0,0.10065065423145471,test,0
A,1,0.8498326853325101,train,1
A,0,0.07952119012660118,test,0
A,0,0.2972243631098898,test,0
A,0,0.507349254874135,train,1
A,0,0.23621460425752094,train,0
A,0,0.2821024477723893,test,0
A,0,0.13132993114511343,train,0
A,0,0.08052709975595741,train,0
A,0,0.06541930505259018,train,0
A,0,0.2741161636326688,train,0
A,0,0.36520073977745676,val,0
A,1,0.7923957252578596,train,1
A,1,0.8804918606865997,train,1
A,0,0.15511337553423749,test,0
A,0,0.13158011164258337,val,0
A,1,0.7686960311258921,train,1
A,1,0.9723404834935223,val,1
A,0,0.08402690191206856,train,0
A,1,0.7597270515906998,val,1
A,1,0.9002271275755223,train,1
A,0,0.3304503081528661,train,0
A,0,0.18191096909703383,val,0
A,0,0.15991768883165622,train,0
A,0,0.16786259745814416,test,0
A,0,0.3305219149185741,train,0
A,0,0.14694788930405367,test,0
A,0,0.19429984023062732,test,0
A,0,0.29322334464295663,train,0
A,0,0.2716166337722045,val,0
A,0,0.331488038840897,train,0
A,0,0.10316424305893693,test,0
A,0,0.24463449261088702,train,0
A,1,0.8913972303719937,val,1
A,0,0.2392282900200072,train,0
A,0,0.20287248581421174,train,0
A,0,0.35667141368754707,train,0
A,0,0.37998609333284644,train,0
A,0,0.08084489898053708,val,0
A,0,0.10484300277026874,train,0
A,0,0.43243064550613436,train,0
A,0,0.10160321543610724,train,0
A,0,0.0306857220296772,train,0
A,0,0.057722545578843744,train,0
A,0,0.23693907669109823,val,0
A,1,0.7650010371882348,test,1
A,0,0.2632890766713733,train,0
A,0,0.09649542871354509,train,0
A,1,0.6912972927986022,train,1
A,0,0.20479632017720228,train,0
A,1,0.922161295161208,train,1
A,0,0.07564568179690315,val,0
A,0,0.17559256313704422,train,0
A,0,0.045136859940022256,val,0
A,0,0.20773698458401563,train,0
A,1,0.9008649024177771,train,1
A,0,0.2998946716610847,train,0
A,0,0.3316607833823975,train,0
A,0,0.2190557083429801,train,0
A,0,0.27815244685746726,test,0
A,0,0.10644203399202913,train,0
A,0,0.09995265089112414,val,0
A,0,0.19815147986933035,train,0
A,0,0.1779672194344511,train,0
A,0,0.1374478269321823,train,0
A,1,0.7848009814363364,train,1
A,0,0.38971394484420424,train,0
A,0,0.008330643035150253,train,0
A,0,0.1603822491514541,train,0
A,0,0.05323204494134606,train,0
A,1,0.916563064138008,train,1
A,0,0.3833533354013433,train,0
A,0,0.2364910946693694,train,0
A,1,0.885727624960652,test,1
A,0,0.13597887817539553,train,0
A,0,0.07864948415913434,val,0
A,0,0.2215193104710512,train,0
A,0,0.06586386321081471,val,0
A,0,0.24742082960607514,train,0
A,0,0.45486711784612355,test,0
A,0,0.40810490316065784,train,0
A,0,0.09420193425492077,val,0
A,0,0.4090540078288969,train,0
A,0,0.03293405131793466,train,0
A,0,0.15538634751499178,train,0
A,0,0.09848979374796824,train,0
A,0,0.028505278972550122,train,0
A,0,0.3073496725839333,train,0
A,0,0.33467222507013356,train,0
A,0,0.3328743247985888,test,0
A,0,0.18395222910616688,train,0
A,0,0.22733758491759673,val,0
A,0,0.4544133832260995,train,0
A,0,0.16628203803415476,train,0
A,1,0.746814011927166,test,1
A,0,0.22290723523786254,test,0
A,1,0.805492334544214,val,1
A,0,0.13704958987200896,train,0
A,0,0.3532174359881885,train,0
A,0,0.3427065553397236,train,0
A,0,0.24452961908788656,train,0
A,1,0.8127838529384098,train,1
A,1,0.7151988633718862,val,1
A,0,0.18349400578999064,test,0
A,0,0.22956965354437525,train,0
A,1,0.8154137063324041,train,1
A,0,0.22796708164782067,test,0
A,0,0.04670695128787814,train,0
A,0,0.22806267017386816,train,0
A,0,0.4044472921688917,train,0
A,1,0.9311518166968117,train,1
A,1,0.8904066147756553,test,1
A,0,0.10274521389901639,train,0
A,0,0.2285643751449903,train,0
A,0,0.1904726799800754,train,0
A,0,0.15927973045551957,test,0
A,0,0.3256318589509214,test,0
A,0,0.12570831388680404,train,0
A,0,0.29736275574660226,train,0
A,0,0.22852147364378883,train,0
A,0,0.06157089938085666,train,0
A,0,0.13540668033798395,train,0
A,1,0.996688017261496,train,1
A,1,0.8676953619330875,train,1
A,0,0.1931621660016671,train,0
A,0,0.11245760336755344,train,0
A,0,0.19317278982037106,test,0
A,0,0.175596122077969,train,0
A,1,0.977322106528419,train,1
A,1,0.7573901664897426,test,1
A,0,0.13411767241482744,train,0
A,0,0.08076189504221376,val,0
A,0,0.26346305021410743,train,0
A,0,0.004711148236653484,train,0
A,0,0.1661402122766115,val,0
A,0,0.2843897604737622,train,0
A,0,0.30461113920849126,val,0
A,0,0.15693748283658016,train,0
A,0,0.46105236292698476,train,0
A,0,0.06804125643678487,train,0
A,0,0.17357559774074668,train,0
A,0,0.16510046085498595,train,0
A,0,0.05579323263051569,train,0
A,1,0.9262009978041522,train,1
A,1,0.9712992301422787,train,1
A,1,0.6741618562006427,val,1
A,1,0.8613040288594525,train,1
A,0,0.19682169545119454,test,0
A,0,0.1803052131607138,train,0
A,0,0.07316362760804271,train,0
A,1,0.4992125929702255,val,0
A,0,0.22405766612042147,train,0
A,0,0.042777146119787265,train,0
A,1,0.8797641000360242,train,1
A,0,0.27367109506558296,train,0
A,0,0.12492431157382933,train,0
A,0,0.4995636528862287,test,0
A,0,0.10963294772102883,train,0
A,1,0.8880484771047986,test,1
A,0,0.1783728309114279,train,0
A,0,0.23756542511189646,train,0
A,0,0.1373631493666503,train,0
A,0,0.29585957034135374,val,0
A,0,0.19839785007142985,test,0
A,1,0.6915780995568994,train,1
A,1,0.7005126533334406,train,1
A,0,0.027140752783860495,train,0
A,1,0.8061698179824291,train,1
A,0,0.05828954318465818,train,0
A,0,0.3215255919743972,test,0
A,0,0.2055210360214766,train,0
A,0,0.15744355670211924,val,0
A,0,0.19887163868761265,train,0
A,0,0.05808063875835074,train,0
A,0,0.1481630656948218,train,0
A,0,0.1954087256514144,val,0
A,0,0.5191483778030942,test,1
A,0,0.1488932421590835,train,0
A,0,0.15232462626798465,train,0
A,1,0.875486864795274,train,1
A,1,0.6569556763226636,train,1
A,1,0.7687956904399222,train,1
A,1,0.6912483798403104,val,1
A,1,0.9719489874302538,train,1
A,0,0.19695625240068243,val,0
A,1,0.8238265450174698,train,1
A,0,0.18407159136260692,train,0
A,0,0.15028813299204177,test,0
A,1,0.7045613328442357,train,1
A,0,0.32495160248970256,test,0
A,0,0.14710941388914528,train,0
A,1,0.9034035802207602,train,1
A,0,0.3246760349581063,test,0
A,0,0.16255450928824508,test,0
A,0,0.29686073860120676,train,0
A,0,0.2255400383655653,train,0
A,0,0.15908467623990885,val,0
A,0,0.06224285990368411,val,0
A,1,0.7724539327715337,train,1
A,0,0.46867728102236356,val,0
A,0,0.15452598479646518,train,0
A,0,0.21529774433537985,train,0
A,0,0.1128086656340767,train,0
A,0,0.12345139084062191,train,0
A,0,0.30395813790158815,test,0
A,0,0.3877649336276531,train,0
A,0,0.2740926141593143,test,0
A,0,0.17646614022547216,train,0
A,0,0.2705841688903952,val,0
A,0,0.1355636061407882,val,0
A,0,0.1983117886982166,train,0
A,1,0.9435353794765292,train,1
A,0,0.0880769671211669,train,0
A,0,0.08691122961248265,test,0
A,0,0.26002910395183165,val,0
A,0,0.23288811669850362,train,0
A,0,0.22736919090683913,val,0
A,0,0.16396395683579937,train,0
A,1,0.6538913194916536,train,1
A,0,0.20209682351493966,test,0
A,1,0.8577380279042509,train,1
A,0,0.10914958240578285,val,0
A,0,0.026189503775175073,train,0
A,0,0.20176212126736204,train,0
A,0,0.05489341955757101,train,0
A,0,0.2946213000995296,train,0
A,0,0.35764338003178997,val,0
A,0,0.4729168839046484,train,0
A,0,0.18820682574474112,train,0
A,0,0.10903880130795464,train,0
A,0,0.21475076000872728,train,0
A,0,0.15620969566754514,val,0
A,0,0.17532573566310353,train,0
A,1,0.8903539431693489,train,1
A,0,0.34466146245548146,test,0
A,1,0.9090868794900586,train,1
A,0,0.15547423602677,val,0
A,0,0.14727311799250858,train,0
A,0,0.08847468880743929,train,0
A,0,0.17982482173676037,test,0
A,1,0.8513511277915774,val,1
A,1,0.7601263504129376,train,1
A,0,0.362534776131125,train,0
A,0,0.12327682634495307,train,0
A,1,0.8521595091259038,train,1
A,1,0.641135095803172,val,1
A,0,0.32587465621468326,train,0
A,1,0.8334766901375431,train,1
A,0,0.1691707618031369,test,0
A,0,0.32866289879377153,train,0
A,1,0.7939120336962827,train,1
A,1,0.6751905238047434,test,1
A,0,0.29164053927224126,val,0
A,0,0.0763113427627638,train,0
A,0,0.3127409362952212,train,0
A,0,0.05713307482296504,train,0
A,0,0.06716850614249008,train,0
A,0,0.13494881175127899,train,0
A,0,0.4147737849635551,val,0
A,0,0.24851094369045032,test,0
A,1,0.9725120584691134,val,1
A,0,0.0878121734606681,train,0
A,0,0.03988147453296872,val,0
A,0,0.27274468601458585,train,0
A,0,0.20141353624620348,train,0
A,1,0.5465366901918494,train,1
A,0,0.22280481551153666,train,0
A,1,0.8712524442474093,test,1
A,0,0.24305138346650765,train,0
A,1,0.9581216944380178,train,1
A,1,0.7764925442850357,test,1
A,1,0.7937555584790241,train,1
A,0,0.3599323917007495,val,0
A,0,0.17525170821814917,train,0
A,0,0.3316955088886647,train,0
A,0,0.09880173812143987,test,0
A,0,0.039546167916407075,train,0
A,0,0.2975708804288091,train,0
A,0,0.07752060868986375,train,0
A,0,0.21463274495330878,train,0
A,0,0.39083489457066595,train,0
A,1,0.8256682215470319,train,1
A,0,0.04561597871611159,train,0
A,1,0.9142762324319144,val,1
A,0,0.21966971171739016,train,0
A,0,0.03912924432949563,train,0
A,0,0.1758037946090776,train,0
A,1,0.9654562573902079,test,1
A,0,0.010212500953734637,test,0
A,0,0.05715273508367456,val,0
A,0,0.11067879455710157,test,0
A,0,0.036095766786337864,train,0
A,0,0.24352476270669443,train,0
A,0,0.22793961233102603,train,0
A,0,0.4233742959522937,train,0
A,0,0.07290704577746451,train,0
A,0,0.14446904880822914,train,0
A,1,0.6539494497582892,test,1
A,0,0.05183772810156993,val,0
A,0,0.11828932401817392,train,0
A,0,0.46606148912765333,val,0
A,0,0.2823960570855714,train,0
A,0,0.07450447504546814,train,0
A,0,0.02099030279149164,train,0
A,1,0.9899866451824832,train,1
A,0,0.018629138475054905,train,0
A,0,0.24066128964162373,val,0
A,0,0.10935617649142136,train,0
A,1,0.8875714122415103,train,1
A,0,0.5834173133026692,train,1
A,0,0.14250872920901322,train,0
A,0,0.12005576604121389,test,0
A,0,0.050679752383269806,train,0
A,0,0.3204891132308258,test,0
A,0,0.1428452662769763,test,0
A,0,0.1450002965930005,train,0
A,1,0.8909857289376361,train,1
A,0,0.19605233682862144,test,0
A,0,0.1577766447018204,test,0
A,0,0.2537209553524035,train,0
A,0,0.060148420982317534,val,0
A,0,0.13205200640693165,val,0
A,0,0.12670817278778232,train,0
A,0,0.2760808276923446,train,0
A,0,0.3501684886675499,val,0
A,1,0.7799635712544113,train,1
A,1,0.8159372526612194,train,1
A,0,0.08504529710066008,train,0
A,0,0.3045752985167308,train,0
A,0,0.054289639976336644,train,0
A,1,0.8929530859969962,test,1
A,0,0.1751231653871893,train,0
A,0,0.17460735234252586,train,0
A,0,0.35094932608152096,train,0
A,0,0.26749946009658343,train,0
A,0,0.0639720123170893,train,0
A,0,0.2740302463917302,train,0
A,0,0.2159467066958804,train,0
A,0,0.41920914192348224,train,0
A,1,0.6029984963246104,train,1
A,0,0.12006885867396257,train,0
A,0,0.15057756927356733,test,0
A,0,0.421577104115167,train,0
A,0,0.3544193125151983,train,0
A,0,0.06646006476232527,val,0
A,0,0.18374856663512865,train,0
A,0,0.23257947879403154,train,0
A,0,0.26500888318936927,train,0
A,0,0.07052518224991958,train,0
A,0,0.41941460785078133,val,0
A,1,0.8165336997757106,test,1
A,0,0.03867328800011976,train,0
A,0,0.08606763103802337,train,0
A,0,0.3965872936543147,train,0
A,0,0.18960320763464442,test,0
A,0,0.18548872143147657,test,0
A,0,0.1693954324919082,train,0
A,1,0.8796091787672159,train,1
A,0,0.08955545256899029,train,0
A,0,0.04712719659698799,train,0
A,0,0.2194998948284671,train,0
A,0,0.2255151337608382,train,0
A,0,0.22735456109994331,train,0
A,0,0.10475465803999279,test,0
A,0,0.07378267008574453,test,0
A,0,0.1639080967933787,train,0
A,0,0.46924662360843883,train,0
A,1,0.8061386184565812,test,1
A,1,0.9418361160282873,train,1
A,0,0.17757396519413446,train,0
A,0,0.14329840346180153,train,0
A,0,0.16570432975229613,train,0
A,0,0.17953904745727875,train,0
A,1,0.5637690849786822,train,1
A,1,0.732720576597388,train,1
A,0,0.3956729860321742,train,0
A,0,0.26283571953265256,train,0
A,0,0.10999185842438461,train,0
A,0,0.12765114047548795,test,0
A,0,0.1792605313036319,train,0
A,0,0.2058108835659275,train,0
A,0,0.08378851899522091,train,0
A,0,0.13455567563672025,train,0
A,0,0.44905974914446845,train,0
A,0,0.38075270659778576,val,0
A,0,0.15745271752725015,train,0
A,0,0.12105664520210574,train,0
A,1,0.4382403055810532,val,0
A,0,0.28213803313216557,train,0
A,0,0.03242212450830063,train,0
A,0,0.38387313625060127,train,0
A,0,0.1167415172386656,train,0
A,0,0.24021961595979857,val,0
A,0,0.04956041584830385,train,0
A,0,0.2975050675003544,train,0
A,0,0.2527706307164484,val,0
A,0,0.23181369753331527,train,0
A,1,0.8305827016289034,train,1
A,1,0.9548882785972016,train,1
A,1,0.7408306619594974,train,1
A,1,0.8852947824632166,test,1
A,1,0.7861395776991386,val,1
A,0,0.08312223507726159,train,0
A,1,0.9790004491707186,train,1
A,0,0.1270476419861952,train,0
A,0,0.22170972371447523,train,0
A,0,0.10051462069809676,train,0
A,0,0.10938652961856148,train,0
A,1,0.7081955772359465,test,1
A,1,0.7761315234346008,val,1
A,1,0.68607762903977,train,1
A,1,0.959458127380591,train,1
A,0,0.34983650841348185,train,0
A,1,0.7217481809045678,val,1
A,1,0.9318712108237812,val,1
A,1,0.6179896067161884,test,1
A,0,0.030065727091802188,train,0
A,0,0.33981191312168235,train,0
A,0,0.08731927728520361,train,0
A,0,0.30119641912341427,train,0
A,0,0.476675302113317,train,0
A,1,0.807336337022926,train,1
A,0,0.2436233549900596,train,0
A,0,0.24633498979509577,train,0
A,1,0.7965091461869025,train,1
A,0,0.10385227032802499,train,0
A,0,0.1675210156993241,train,0
A,1,0.8895879320794207,train,1
A,0,0.08410282322540806,train,0
A,0,0.06654498802512457,train,0
A,0,0.4052342701203342,train,0
A,1,0.9475444829389111,test,1
A,0,0.45422984733730193,train,0
A,0,0.20040954411424244,train,0
A,0,0.17362308083203806,train,0
A,0,0.1451443150034694,test,0
A,0,0.019800274069064226,train,0
A,0,0.35468653124959043,train,0
A,0,0.30019650614223126,train,0
A,1,0.8394220919776791,val,1
A,0,0.12130179399816808,val,0
A,0,0.28927262930772,train,0
A,0,0.058511947615402,test,0
A,0,0.22983543610592155,test,0
A,0,0.3546015577912444,train,0
A,1,0.6404157590905424,train,1
A,0,0.2567928321124168,train,0
A,0,0.2433771270792442,val,0
A,0,0.14858686743023838,train,0
A,0,0.40249295209009167,test,0
A,0,0.28705082689694544,train,0
A,1,0.7345974378937967,train,1
A,0,0.12539907870483985,test,0
A,0,0.07368343545429852,train,0
A,0,0.4290529457576552,train,0
A,1,0.6362467426215634,train,1
A,0,0.2710376259893875,train,0
A,0,0.20853543348962572,train,0
A,0,0.0653572006971946,train,0
A,0,0.08222872066828586,train,0
A,0,0.32789669734603877,test,0
A,1,0.9602209701720381,test,1
A,0,0.02253366341016133,train,0
A,0,0.03507645989197093,val,0
A,0,0.13144085102390482,train,0
A,0,0.17476541696202755,train,0
A,1,0.9203309030561392,train,1
A,0,0.3331571321250226,test,0
A,0,0.13710375327962745,test,0
A,0,0.31019658332373123,train,0
A,0,0.31483868012075394,train,0
A,0,0.29520585670167737,train,0
A,0,0.3363275382912602,train,0
A,0,0.33534938156900157,train,0
A,0,0.04738346461961788,train,0
A,1,0.7626680606872119,val,1
A,1,0.8272990371492274,train,1
A,0,0.20089676156364114,test,0
A,1,0.8592439421443744,train,1
A,1,0.8942480140444607,train,1
A,0,0.47200404788191097,val,0
A,1,0.9061438288392046,val,1
A,0,0.42615653696941763,train,0
A,1,0.9198628329886717,train,1
A,0,0.12089799678642148,test,0
A,0,0.31365353714547006,train,0
A,0,0.12800260165177532,train,0
A,1,0.6479578526812789,train,1
A,0,0.3084303386057083,val,0
A,0,0.15608765164363742,val,0
A,0,0.2896155872812681,test,0
A,0,0.28396174654279277,train,0
A,0,0.1952631514883568,train,0
A,1,0.7591452433259572,train,1
A,0,0.05849533502851161,val,0
A,0,0.31676103882525575,train,0
A,0,0.16539263043383318,train,0
A,0,0.1319782838027114,train,0
A,0,0.19664755866914888,train,0
A,0,0.259756980186611,test,0
A,1,0.8773087215364812,train,1
A,0,0.1620778996997562,test,0
A,0,0.14897976210117375,train,0
A,0,0.09621449315412381,test,0
A,0,0.15681678185233333,val,0
A,1,0.9222577726542607,train,1
A,0,0.29133486751415416,test,0
A,0,0.2266562699956645,train,0
A,0,0.12727826067157483,test,0
A,1,0.9107240852103675,test,1
A,0,0.29314314495597116,val,0
A,0,0.2188970996474988,train,0
A,1,0.7118494901496609,train,1
A,0,0.20115337730648655,train,0
A,1,0.7835462731140326,train,1
A,1,0.7747474120355516,val,1
A,0,0.3442699094711283,val,0
A,0,0.24358902432454346,test,0
A,0,0.28599807288138845,train,0
A,0,0.3191982241734281,val,0
A,0,0.08774470538358707,test,0
A,0,0.08585430679665612,val,0
A,0,0.3590763287903141,train,0
A,0,0.043351783261205735,train,0
A,0,0.09133378477777336,train,0
A,0,0.17543958701038465,train,0
A,0,0.25185646580212956,train,0
A,0,0.18065835024372529,test,0
A,0,0.2113289116780305,train,0
A,1,0.8647515922579989,train,1
A,0,0.12328510858529991,train,0
A,0,0.5420974733446611,val,1
A,1,0.9362365005798435,test,1
A,1,0.7051986140501556,val,1
A,0,0.1600171084882865,train,0
A,0,0.24013744498923933,train,0
A,0,0.0629419755156653,test,0
A,1,0.5025832035235616,train,1
A,0,0.14878619227935455,train,0
A,0,0.34128517297590527,train,0
A,1,0.906987807535127,train,1
A,1,0.9509472159065325,val,1
A,0,0.08969652714781857,train,0
A,0,0.40020941000328014,train,0
A,0,0.1596412346402923,train,0
A,0,0.244735416724895,train,0
A,0,0.08617828091273026,train,0
A,0,0.1826647715061437,train,0
A,0,0.4035727172622687,train,0
A,0,0.356858739240208,train,0
A,0,0.1774209500695776,train,0
A,0,0.159396040326331,train,0
A,0,0.17339249361506887,train,0
A,0,0.23767789843645573,train,0
A,0,0.4175568709309615,test,0
A,0,0.11412668866535511,train,0
A,0,0.10584381204636538,train,0
A,0,0.14280534631336422,train,0
A,0,0.06843241121305618,test,0
A,0,0.272654549409727,train,0
A,0,0.05011819258473778,train,0
A,1,0.8806339166109264,val,1
A,0,0.41924313364244636,val,0
A,0,0.17386263720809214,val,0
A,0,0.2589703043227755,train,0
A,1,0.8240047646806568,train,1
A,0,0.0281052025539162,train,0
A,0,0.282917361317436,test,0
A,0,0.2308668176415132,train,0
A,0,0.24807651732155003,train,0
A,0,0.16027564433249272,test,0
A,1,0.8052019908710744,test,1
A,0,0.3219594626441554,test,0
A,0,0.08316203129541812,test,0
A,0,0.22773156139466488,test,0
A,1,0.8237570228033153,train,1
A,0,0.037929669889306954,val,0
A,0,0.07732960415330016,val,0
A,0,0.3651693298913878,train,0
A,0,0.11468831460121778,train,0
A,0,0.08553636582043635,test,0
A,1,0.8394688096135962,train,1
A,0,0.14562049646096345,test,0
A,1,0.7853421193859892,train,1
A,0,0.36724107736864425,train,0
A,0,0.12884758820208744,train,0
A,1,0.9095129160968054,train,1
A,0,0.4678694907269599,train,0
A,0,0.1085030045700102,train,0
A,0,0.30387510678529484,train,0
A,0,0.18681451353425713,train,0
A,0,0.14816275080970742,train,0
A,0,0.22147577054679596,train,0
A,0,0.06285001073488508,val,0
A,0,0.1409839327022213,train,0
A,1,0.6710127133405857,train,1
A,0,0.1399816301849533,train,0
A,0,0.2037392305261381,train,0
A,0,0.20310065633685698,train,0
A,0,0.24887732176501234,train,0
A,0,0.32324494636181,test,0
A,1,0.6984714008365539,test,1
A,0,0.17790570725406485,val,0
A,0,0.20564551425661168,train,0
A,0,0.3794530088666589,train,0
A,1,0.8939421118034928,train,1
A,0,0.20060204709197688,val,0
A,0,0.17194601549328348,test,0
A,0,0.30191385282779404,train,0
A,0,0.18683916712652507,train,0
A,0,0.42893512384542737,train,0
A,0,0.3406157746259741,val,0
A,1,0.9448342802917583,val,1
A,0,0.13111937514358055,train,0
A,0,0.1552495052932145,test,0
A,0,0.34732972480544155,train,0
A,0,0.2624050489070789,test,0
A,0,0.3509683347944547,test,0
A,0,0.17218951613119038,val,0
A,0,0.2030310584291482,train,0
A,1,0.8472311130463118,train,1
A,0,0.15382928918948255,train,0
A,0,0.14597790179866404,train,0
A,1,0.8383027707419201,test,1
A,0,0.10954366143208048,train,0
A,0,0.26427190833963204,train,0
A,0,0.20627936316461334,val,0
A,0,0.2288119115887319,train,0
A,0,0.3222773221105884,train,0
A,1,0.4355408241405646,train,0
A,0,0.03566912200230375,train,0
A,0,0.20603755098011245,train,0
A,1,0.7845011281401204,test,1
A,0,0.3560748149732446,train,0
A,0,0.0753580099317621,test,0
A,0,0.32664320282108184,train,0
A,0,0.20962786250895396,train,0
A,0,0.22979062728115177,train,0
A,0,0.25097005812103645,train,0
A,0,0.09160509984986484,train,0
A,0,0.02685392368294579,train,0
A,0,0.29983532319253137,train,0
A,0,0.0823239519432396,train,0
A,1,0.8061179751465133,train,1
A,1,0.9062099727036893,train,1
A,0,0.14878229677181365,val,0
A,0,0.5340160023100283,test,1
A,0,0.1740647923701966,train,0
A,0,0.25144538628018726,train,0
A,0,0.11038076338699039,test,0
A,0,0.3699844150915673,train,0
A,1,0.9137094648147649,test,1
A,0,0.03445263458881434,train,0
A,1,0.9413601501579463,test,1
A,0,0.3393808768917966,train,0
A,1,0.8702484315925059,test,1
A,0,0.059144343610951985,train,0
A,1,0.9196225268206317,train,1
A,0,0.4494821413205568,train,0
A,0,0.2776065711527547,train,0
A,0,0.08580645962026509,val,0
A,1,0.6280753153432452,train,1
A,0,0.1925575321155305,test,0
A,0,0.25405365744839914,train,0
A,0,0.1142101410957476,test,0
A,0,0.15163786357309275,train,0
A,1,0.7315254780788342,test,1
A,1,0.7281006810174816,test,1
A,0,0.4037975321969657,train,0
A,0,0.20334934487169287,test,0
A,1,0.6089251341460407,val,1
A,0,0.34002872645363724,train,0
A,0,0.26479601848699097,train,0
A,0,0.2506347291325626,train,0
A,0,0.29355370866480185,val,0
A,0,0.4240088274413147,train,0
A,0,0.09701061081196187,train,0
A,1,0.9097014980109867,train,1
A,1,0.84602849932038,train,1
A,0,0.3119899338664129,test,0
A,0,0.4788750244962806,test,0
A,0,0.28593436111644976,train,0
A,0,0.24299779398016771,train,0
A,0,0.4009596869089846,val,0
A,0,0.5392872787359612,train,1
A,1,0.5527694286645463,train,1
A,1,0.8025264901335282,train,1
A,0,0.2331614002045582,train,0
A,0,0.26266337603388784,train,0
A,1,0.6513216250514542,val,1
A,0,0.2807760816898691,train,0
A,0,0.056938105321927036,test,0
A,0,0.3329851001947329,train,0
A,1,0.8895091006144914,train,1
A,1,0.5852696870958746,test,1
A,0,0.05861337615270702,train,0
A,1,0.8757204592900549,train,1
A,0,0.2819727812626829,train,0
A,0,0.05396214411695861,train,0
A,1,0.7731946823267386,val,1
A,0,0.092755587869772,train,0
A,0,0.1379620312241432,val,0
A,0,0.12293392271897516,train,0
A,0,0.307011084716096,train,0
A,0,0.12949617490571788,test,0
A,0,0.05427375097722863,val,0
A,0,0.11635968128880614,train,0
A,0,0.2179211101353502,train,0
A,0,0.23829391393073815,train,0
A,1,0.7218537368769602,train,1
A,1,0.7923808141963007,val,1
A,0,0.20089115810679994,val,0
A,1,0.9449171640601941,train,1
A,1,0.6308274830791554,val,1
A,0,0.35532438702345226,train,0
A,0,0.3631780447503218,train,0
A,0,0.2742362690953553,train,0
A,0,0.174155592757824,test,0
A,0,0.16075173960877814,val,0
A,0,0.5020584782721859,train,1
A,0,0.20711213873317472,train,0
A,0,0.4712381569904918,test,0
A,0,0.08593250030356717,train,0
A,0,0.12441341833915436,train,0
A,0,0.12652143323746762,test,0
A,0,0.07271470841506242,test,0
A,0,0.20416488740962593,train,0
A,0,0.14197121222933526,train,0
A,0,0.16308729757025361,train,0
A,0,0.39030109730929435,train,0
A,1,0.6937792981754872,test,1
A,0,0.0550324374604823,train,0
A,0,0.12523128194835337,test,0
A,0,0.21283667466951,train,0
A,0,0.19317998439159928,train,0
A,0,0.43612718635849707,train,0
A,1,0.8833625100304001,val,1
A,0,0.04053541199619229,train,0
A,0,0.403086417517523,train,0
A,0,0.06740595825990195,train,0
A,0,0.15197324771367526,train,0
A,1,0.8416369783034549,train,1
A,0,0.056258251396636635,train,0
A,0,0.013791215411412717,train,0
A,0,0.38350298993635673,train,0
A,1,0.5177987046331961,train,1
A,0,0.11071808228394589,train,0
A,1,0.8041648115541774,train,1
A,0,0.2828761953056001,train,0
A,1,0.8243257506737907,train,1
A,0,0.13291839273785044,val,0
A,0,0.43943250694765346,train,0
A,0,0.13797839530244743,train,0
A,0,0.16782897106339192,train,0
A,0,0.12078090528624809,test,0
A,0,0.07950169555584562,val,0
A,1,0.7782536505986661,train,1
A,1,0.9201486115478801,train,1
A,0,0.2938681451320317,train,0
A,0,0.19934319326181815,test,0
A,0,0.014039315337140945,val,0
A,0,0.4366229102849369,train,0
A,0,0.13446641542406532,val,0
A,1,0.7842629701835563,val,1
A,0,0.08027977894468478,train,0
A,0,0.051251435477775595,train,0
A,0,0.08710643843558392,train,0
A,0,0.2628014785067174,train,0
A,1,0.9268103295260466,val,1
A,1,0.7615387198800085,train,1
A,0,0.2969572697505217,val,0
A,1,0.6593066152498542,test,1
A,0,0.15754487610030873,train,0
A,0,0.6736499477813209,train,1
A,0,0.14504354170505904,val,0
A,0,0.18018124442461256,val,0
A,0,0.07544943943121765,val,0
A,0,0.17251364870119576,train,0
A,0,0.3357713777831815,train,0
A,0,0.4618143029797763,train,0
A,0,0.2686118735927294,test,0
A,0,0.04245275852846869,train,0
A,0,0.06356740051287216,test,0
A,0,0.04059589861571288,train,0
A,0,0.09860553503202436,test,0
A,1,0.8986946131366396,train,1
A,0,0.13877431900604545,train,0
A,0,0.06940230449372817,train,0
A,1,0.8519173100005225,train,1
A,0,0.27855644052650913,train,0
A,0,0.08554310735692691,train,0
A,0,0.22622237576309734,train,0
A,0,0.31019163646053755,train,0
A,1,0.8607030625721616,val,1
A,1,0.8999151686714549,train,1
A,0,0.1569174409954091,train,0
A,0,0.34841717981007014,test,0
A,0,0.22922310164835083,train,0
A,0,0.13207337538969033,test,0
A,0,0.147825353893792,train,0
A,0,0.12188024922813001,train,0
A,0,0.29447679235798807,train,0
A,0,0.2559311266563211,train,0
A,0,0.20379966478766334,train,0
A,0,0.05658328365482541,train,0
A,0,0.11541564304862896,train,0
A,1,0.785178567546688,train,1
A,0,0.09552851560225523,train,0
A,1,0.927701770468229,train,1
A,0,0.0237899680611132,train,0
A,0,0.07220559772556047,train,0
A,1,0.7125411773941146,train,1
A,0,0.06583966990553579,train,0
A,0,0.16450911379008062,train,0
A,0,0.2904469702198925,train,0
A,0,0.13327334356608933,train,0
A,0,0.16037134716059395,train,0
A,0,0.18477563271549216,train,0
A,0,0.18029295135027115,train,0
A,0,0.20618944371543937,train,0
A,0,0.35710306873205,train,0
A,0,0.16235056968346065,train,0
A,0,0.37298678314389616,train,0
A,0,0.1905957423087757,test,0
A,1,0.7922108773741909,val,1
A,0,0.1686163945136806,train,0
A,0,0.5902976332326446,train,1
A,1,0.8251847317671663,train,1
A,0,0.27875528353822093,test,0
A,0,0.02776557747418746,train,0
A,1,0.8485010599358557,test,1
A,0,0.25175755078691253,train,0
A,0,0.07436902676489887,train,0
A,0,0.18464220625582928,train,0
A,0,0.0731291515928442,train,0
A,0,0.22076471673630754,train,0
A,0,0.3806402493004796,train,0
A,0,0.23659235225923517,train,0
A,0,0.15409712576581375,test,0
A,0,0.1265111069609312,train,0
A,0,0.41237373624579304,train,0
A,1,0.5044063414450745,train,1
A,0,0.2254200443115472,val,0
A,0,0.36051912000836334,val,0
A,1,0.9768270081241034,train,1
A,1,0.8255005759362061,train,1
A,0,0.29179334173909816,train,0
A,0,0.1555705196374248,train,0
A,0,0.18820545330199898,train,0
A,1,0.7799274424393302,test,1
A,0,0.4209560824398628,train,0
A,0,0.1767256511838022,train,0
A,0,0.12415931779357782,train,0
A,0,0.1139785711464949,val,0
A,0,0.29724636456196546,train,0
A,0,0.13392672369594563,train,0
A,0,0.1506433109128616,train,0
A,0,0.30632312877312073,train,0
A,1,0.5877354975679898,val,1
A,0,0.058189775901236925,train,0
A,1,0.8476143089750916,val,1
A,0,0.20098391621923012,train,0
A,0,0.3476586573224418,train,0
A,0,0.212521183466528,test,0
A,0,0.18611689869369383,train,0
A,0,0.2550123444963551,train,0
A,0,0.24375479591158347,train,0
A,0,0.17835223826541058,train,0
A,0,0.03500868993049537,train,0
A,0,0.2660154823725605,test,0
A,0,0.06510131462569813,test,0
A,0,0.2911050872405564,train,0
A,0,0.033983240311315756,train,0
A,0,0.08308767460520713,train,0
A,0,0.2022929230867132,train,0
A,0,0.1572530036356207,train,0
A,0,0.14050158869082907,train,0
A,0,0.5224997521460709,train,1
A,1,0.4862062850337922,train,0
A,0,0.2726506845817024,train,0
A,0,0.035863253056623544,train,0
A,0,0.32484889547247514,val,0
A,0,0.283102296383111,train,0
A,1,0.7107261935029962,train,1
A,1,0.7294001001831457,train,1
A,0,0.19964036076323924,train,0
A,0,0.13071152163930705,train,0
A,0,0.2768272189360706,train,0
A,0,0.2139546749831119,test,0
A,0,0.3072864977132324,train,0
A,0,0.10326571588783298,train,0
A,0,0.12015575009509079,train,0
A,1,0.7280333026896264,test,1
A,0,0.07563733756378911,val,0
A,0,0.0968576524883455,test,0
A,0,0.15011850796740894,train,0
A,0,0.22083392259410303,test,0
A,0,0.10651597579526899,train,0
A,1,0.8968240938498635,train,1
A,0,0.1945256860286861,test,0
A,0,0.3658659230021861,test,0
A,0,0.247781786472299,train,0
A,0,0.12241224767430094,train,0
A,0,0.010003919677170115,train,0
A,0,0.1990840555392133,train,0
A,0,0.11542919420971402,train,0
A,1,0.8277670563455392,test,1
A,0,0.08166578989336266,train,0
A,1,0.7251915944296724,val,1
A,0,0.19737504414935694,val,0
A,0,0.31980092550589884,train,0
B,0,0.07879048836051392,val,0
B,0,0.1553215029924022,train,0
B,0,0.13230621267296133,train,0
B,1,0.6421472229472418,train,1
B,1,0.9224212806429815,train,1
B,1,0.78806270535023,val,1
B,0,0.31190295999230294,test,0
B,0,0.3196578472528527,train,0
B,0,0.11818900250936674,val,0
B,0,0.175745071893669,train,0
B,0,0.3447991133878965,val,0
B,1,0.8179126737842658,train,1
B,0,0.18353613138981176,train,0
B,0,0.12780624026517795,train,0
B,0,0.19431274412802518,train,0
B,0,0.3502256330633721,train,0
B,1,0.7499514464534075,test,1
B,1,0.6896072729252045,train,1
B,1,0.772945387407376,test,1
B,0,0.2147828766267462,val,0
B,0,0.14681597946634403,train,0
B,0,0.3817216685130811,train,0
B,0,0.4479204090579287,val,0
B,0,0.2672022957323537,train,0
B,0,0.13039552352877712,train,0
B,1,0.8012359307299238,train,1
B,0,0.30468832974982085,train,0
B,0,0.2163744490098915,test,0
B,1,0.9395342442568855,train,1
B,0,0.1561227425187131,train,0
B,0,0.11208275749397209,train,0
B,0,0.20179794117705596,val,0
B,0,0.35499475288203153,val,0
B,0,0.2335159912845081,train,0
B,0,0.3383143327709854,train,0
B,1,0.8909332442714725,train,1
B,1,0.598824810808975,train,1
B,1,0.7667356702688821,train,1
B,1,0.8275644177832314,test,1
B,0,0.45642078857847473,train,0
B,0,0.1257684832348906,train,0
B,1,0.6549081620652986,test,1
B,0,0.11367840374105667,train,0
B,1,0.7477295776451695,train,1
B,0,0.11561920074754184,train,0
B,0,0.1792074627691197,train,0
B,0,0.38038261317829253,test,0
B,0,0.5036005935324364,train,1
B,0,0.33689903773193747,train,0
B,0,0.15697682744341993,train,0
B,0,0.3631858359494943,test,0
B,1,0.9672359348633055,train,1
B,1,0.9492661946480732,train,1
B,1,0.7610059525099029,test,1
B,0,0.2957350754195976,train,0
B,1,0.8100990011036191,val,1
B,0,0.3587346779898088,train,0
B,0,0.26604328459717297,train,0
B,0,0.0411265833319331,train,0
B,0,0.07103618692395883,train,0
B,1,0.7794404688771011,train,1
B,1,0.7847774288237199,train,1
B,0,0.17635978929013996,train,0
B,0,0.14264226220021298,train,0
B,0,0.27113976298581627,train,0
B,1,0.7416508473982671,test,1
B,0,0.10449066436881779,train,0
B,1,0.7679456699242793,test,1
B,0,0.3635748980396667,train,0
B,0,0.23345519017001967,train,0
B,0,0.18406961308846348,train,0
B,1,0.7603402981372483,val,1
B,1,0.6080061353374416,val,1
B,0,0.28447781246548215,train,0
B,0,0.33003139211015836,test,0
B,0,0.3266627181406595,train,0
B,0,0.30801568420645514,train,0
B,0,0.30886801803385305,test,0
B,1,0.862881800445881,test,1
B,0,0.11013651253926687,test,0
B,0,0.26402814144673215,train,0
B,0,0.25243518466612697,train,0
B,1,0.6592535042301986,train,1
B,0,0.37771854546654343,train,0
B,0,0.2120995914512409,val,0
B,0,0.3591631773805982,train,0
B,0,0.3078972305351052,train,0
B,1,0.5814720425769967,train,1
B,0,0.2601997574811293,train,0
B,0,0.10865366241406499,train,0
B,0,0.14140862487718128,train,0
B,0,0.33686920142864174,val,0
B,1,0.8816511486406042,train,1
B,0,0.2882083946254496,val,0
B,1,0.8373836723118606,train,1
B,0,0.18291442699381308,train,0
B,0,0.056203017294121936,train,0
B,0,0.120230773479396,test,0
B,0,0.2791731814360309,train,0
B,1,0.6176925520934924,train,1
B,0,0.13381098610507364,train,0
B,0,0.5025656311002556,train,1
B,1,0.8677337288245704,val,1
B,0,0.6400975247098429,val,1
B,0,0.2048342256163014,train,0
B,1,0.8899970551646265,train,1
B,0,0.3508392473625226,val,0
B,1,0.48302030476553964,train,0
B,0,0.28663928566156677,train,0
B,1,0.7422677196154348,train,1
B,0,0.36866673994735627,train,0
B,0,0.5802535474555758,train,1
B,0,0.2645193330532295,val,0
B,0,0.020898011614645603,train,0
B,0,0.28216316031424166,train,0
B,0,0.43904441709296704,val,0
B,1,0.7004713193935816,train,1
B,0,0.06381352436007322,train,0
B,0,0.5133941069448786,train,1
B,0,0.531749613792814,train,1
B,0,0.3826699755455148,test,0
B,0,0.0829995815836452,val,0
B,0,0.22688767562414955,train,0
B,0,0.13851183176281143,val,0
B,1,0.8194379465544573,train,1
B,0,0.273818857610001,test,0
B,0,0.11894427319201756,train,0
B,0,0.44013554538589805,train,0
B,0,0.2013106375106004,train,0
B,1,0.8612194283917914,train,1
B,0,0.18772484864239086,train,0
B,0,0.18261457694680644,train,0
B,1,0.8251920886375026,val,1
B,0,0.16422951495674729,train,0
B,1,0.7087995380841464,test,1
B,0,0.22675541852061956,train,0
B,1,0.8922778135886593,train,1
B,0,0.04801438839735877,test,0
B,0,0.29518620015366887,train,0
B,0,0.14073372269946993,test,0
B,0,0.36515927072308135,val,0
B,0,0.3831667472525115,train,0
B,0,0.3812587957497869,train,0
B,1,0.8354645383468569,train,1
B,0,0.3018720808958875,train,0
B,1,0.6894137445147692,train,1
B,0,0.26768190448229623,val,0
B,0,0.41453886422158337,train,0
B,0,0.30613703707523615,train,0
B,0,0.30307974521919084,train,0
B,1,0.9095181268599747,test,1
B,0,0.3470049905619597,train,0
B,0,0.473139537475357,train,0
B,0,0.5490455643498211,train,1
B,0,0.0732607520460166,test,0
B,1,0.8973013659508724,test,1
B,0,0.36475465635175064,train,0
B,0,0.11487211296473136,test,0
B,0,0.24706544984875795,train,0
B,0,0.11757838871752674,test,0
B,0,0.18270313809211436,train,0
B,0,0.07552796328512695,train,0
B,1,0.4576827820682365,train,0
B,0,0.39334534964283585,train,0
B,0,0.32186646183933504,val,0
B,0,0.5432655115264481,train,1
B,0,0.3854781628010757,test,0
B,0,0.07464351795221182,train,0
B,0,0.4445108433268943,train,0
B,0,0.1407927936305083,train,0
B,0,0.27611402659349915,train,0
B,0,0.10406336451240532,val,0
B,0,0.4981686152922233,train,0
B,1,0.9145045455345915,train,1
B,0,0.13907226477409954,train,0
B,0,0.1620776846167275,train,0
B,0,0.45585260813680023,test,0
B,0,0.1904953268657623,train,0
B,0,0.4837761105913532,test,0
B,0,0.23560340179318098,train,0
B,1,0.7749604767265624,train,1
B,0,0.18792924594971006,test,0
B,0,0.060912629513396536,train,0
B,0,0.37279137877046975,train,0
B,0,0.512538099641829,train,1
B,0,0.2737102983223876,train,0
B,0,0.5383033718790006,val,1
B,0,0.15200671841898628,train,0
B,0,0.3228745892313265,test,0
B,0,0.18440895719678843,train,0
B,0,0.49876967115613663,train,0
B,0,0.19445248326037107,train,0
B,0,0.2743586141674357,train,0
B,0,0.3854292763459103,test,0
B,0,0.44917617407022536,train,0
B,0,0.5217593389528487,train,1
B,0,0.0606763644153915,test,0
B,0,0.39850967988639896,val,0
B,0,0.24332877741140474,train,0
B,0,0.2676091055637251,val,0
B,0,0.2759972177947497,train,0
B,0,0.10643635013020436,train,0
B,1,0.48575269415725986,train,0
B,0,0.3184336588231528,train,0
B,0,0.15319539830834503,train,0
B,0,0.09544421336494882,train,0
B,0,0.3614425538295468,train,0
B,1,0.7410595856499632,val,1
B,1,0.8201922199567108,test,1
B,0,0.36792975779917714,val,0
B,0,0.4124728032796486,train,0
B,0,0.20920288953633204,train,0
B,1,0.86770459036036,train,1
B,1,0.91077625017341,train,1
B,0,0.5005263609018248,train,1
B,0,0.229764176982961,train,0
B,0,0.46242212983610054,val,0
B,0,0.4223473445001604,train,0
B,0,0.17835821616498093,train,0
B,1,0.7073537542776567,train,1
B,1,0.9500581086712265,train,1
B,0,0.18961715081776334,train,0
B,0,0.26675964340146024,train,0
B,0,0.5556041475732396,train,1
B,0,0.19320804520670434,train,0
B,0,0.2883407993774254,train,0
B,0,0.2805403097669222,val,0
B,0,0.19632380400335195,test,0
B,1,0.9405518530762947,train,1
B,0,0.4896903384200512,train,0
B,0,0.18727746974701892,val,0
B,0,0.2832460968071787,train,0
B,0,0.3068464995068709,train,0
B,1,0.8410628375931742,train,1
B,0,0.3804912067817239,train,0
B,1,0.9113180991447923,val,1
B,0,0.2800068967470126,val,0
B,0,0.16041479314188703,train,0
B,0,0.47338997199305366,train,0
B,0,0.018023831604040023,train,0
B,0,0.21933294723785943,train,0
B,0,0.23932353138830242,test,0
B,0,0.36140741671120047,train,0
B,1,0.5260281492574221,train,1
B,0,0.17820205484692436,val,0
B,0,0.34536331846215323,val,0
B,0,0.26755703045287665,val,0
B,0,0.33094359050534206,train,0
B,0,0.38618657733283035,train,0
B,0,0.32370417110388655,train,0
B,1,0.88628620291539,train,1
B,0,0.39312751638788096,test,0
B,0,0.29615264052193635,train,0
B,0,0.15542124050991432,test,0
B,0,0.13110230299900982,train,0
B,0,0.3244392951954008,test,0
B,0,0.13959847103875112,train,0
B,0,0.04731604871884741,test,0
B,1,0.8111743712914727,train,1
B,0,0.5245092402175439,train,1
B,0,0.5435342707854185,val,1
B,0,0.13667469141726296,train,0
B,0,0.19490488929940517,train,0
B,0,0.15625252235422996,test,0
B,0,0.3140673138142912,train,0
B,1,0.7511338140192153,train,1
B,0,0.15210979273505604,train,0
B,0,0.18020351833395984,val,0
B,0,0.36246863001187213,train,0
B,0,0.10180907450085074,train,0
B,0,0.2715215163855973,train,0
B,0,0.09514432403837564,train,0
B,0,0.1337545717428603,train,0
B,1,0.8050448338439837,train,1
B,0,0.0845172238244927,train,0
B,0,0.22892515742653163,train,0
B,0,0.26875696240445357,train,0
B,0,0.03605863404482156,train,0
B,0,0.22203528496971714,train,0
B,0,0.08289847211765441,train,0
B,0,0.5688000614153692,train,1
B,0,0.3883124917785999,train,0
B,0,0.27490318299491945,train,0
B,0,0.397610236586207,val,0
B,0,0.19721102531977333,train,0
B,0,0.3568126350755859,train,0
B,0,0.1347715350049927,train,0
B,1,0.46421489698457563,train,0
B,0,0.2256281934162861,test,0
B,0,0.12492126600640216,train,0
B,0,0.6645913035629668,train,1
B,0,0.04680582368837324,train,0
B,0,0.08599762921786912,train,0
B,1,0.7584332684891756,train,1
B,0,0.1404756435836825,train,0
B,0,0.4120608472908764,test,0
B,0,0.2130687253618956,train,0
B,1,0.9466009093155562,train,1
B,0,0.15449141648508619,train,0
B,0,0.34007629874486833,train,0
B,0,0.63261240175571,train,1
B,0,0.17934955867482696,train,0
B,0,0.34792942212586186,train,0
B,0,0.36890623965995506,train,0
B,0,0.15072213742663465,test,0
B,1,0.47238562095300246,train,0
B,0,0.08711816476322688,val,0
B,0,0.15872982484832426,train,0
B,1,0.8967364163418836,train,1
B,0,0.3013303387437454,test,0
B,0,0.2396138884557479,train,0
B,0,0.1982968739738388,val,0
B,0,0.1328213548037769,val,0
B,0,0.14100291121829084,train,0
B,0,0.2908832776069552,train,0
B,0,0.2082395364462444,train,0
B,0,0.21640921974111235,test,0
B,0,0.01903329700628975,val,0
B,0,0.16664952070769506,train,0
B,0,0.4279058768167947,train,0
B,1,0.9114218729215795,train,1
B,1,0.6969083429551369,train,1
B,0,0.416278955827838,train,0
B,0,0.3682796136304754,train,0
B,1,0.8605659598517157,train,1
B,0,0.369338405273534,train,0
B,1,0.7629521342916215,val,1
B,0,0.23652415995521014,test,0
B,0,0.3916496453797779,val,0
B,0,0.15133481001829005,val,0
B,0,0.41192197311496626,train,0
B,1,0.6833486614205333,train,1
B,0,0.17397017006557247,train,0
B,0,0.3446995754514599,val,0
B,0,0.32916986768892137,test,0
B,0,0.22256127244471033,val,0
B,0,0.03584547205141229,test,0
B,0,0.5005712236978381,train,1
B,1,0.8025831821523979,train,1
B,0,0.3209965103104341,train,0
B,0,0.24463689933705987,train,0
B,1,0.6911026279833858,train,1
B,0,0.2867167897105314,train,0
B,0,0.07373004694094833,train,0
B,0,0.13981096001914417,train,0
B,0,0.4051652545890648,train,0
B,0,0.48537278542946194,train,0
B,0,0.12074957911595982,train,0
B,1,0.7759515902278761,train,1
B,0,0.27551612689299476,train,0
B,1,0.8837779759065084,val,1
B,0,0.24849884793545557,train,0
B,0,0.36280836030272623,train,0
B,0,0.19258777733687776,test,0
B,0,0.34723486753834953,test,0
B,0,0.38092308706844724,test,0
B,0,0.22282604880011256,train,0
B,0,0.3402050024400617,train,0
B,0,0.1412821571851353,train,0
B,0,0.4033388223523121,train,0
B,1,0.7754276903268775,test,1
B,0,0.09092600873936034,train,0
B,1,0.7695911222151522,train,1
B,0,0.39961370528794143,train,0
B,0,0.40375262556506086,train,0
B,0,0.30341786902268153,train,0
B,1,0.7169800271218859,val,1
B,1,0.7033649333644388,test,1
B,0,0.24277146500748517,test,0
B,0,0.16904637911212822,train,0
B,0,0.35617917141862937,train,0
B,0,0.06601243572935585,train,0
B,0,0.17115796041171058,train,0
B,0,0.3146312867952624,test,0
B,0,0.17903188172860052,train,0
B,0,0.18887043714095653,val,0
B,0,0.2468547650422156,train,0
B,0,0.24334338362064825,train,0
B,1,0.9060938694523395,train,1
B,0,0.08806126716977176,train,0
B,1,0.8739605158078189,val,1
B,0,0.21152934492111916,train,0
B,0,0.29348615044620946,val,0
B,0,0.35315456621369534,val,0
B,1,0.8726503875968622,train,1
B,0,0.4256160125705821,val,0
B,1,0.7291569175881242,train,1
B,1,0.7849521783307881,train,1
B,0,0.30722867062106735,val,0
B,0,0.03900835805766896,test,0
B,0,0.5768998012064097,train,1
B,0,0.3208170971190562,train,0
B,0,0.18748155961993426,train,0
B,1,0.956169030135284,train,1
B,0,0.21012018731169704,train,0
B,0,0.29162705200071903,test,0
B,0,0.13133723450329632,train,0
B,0,0.11857675049953136,train,0
B,0,0.2263466596379944,train,0
B,0,0.5874933448114426,train,1
B,0,0.3550793973018461,train,0
B,0,0.12294287568652217,train,0
B,1,0.8443805474882525,val,1
B,0,0.02267544136814675,train,0
B,0,0.11492973258205352,train,0
B,0,0.2915154593359321,val,0
B,1,0.8224010928950449,train,1
B,1,0.891317184058449,train,1
B,0,0.19097003634314605,train,0
B,1,0.8487125139207184,train,1
B,0,0.38801813669889457,train,0
B,0,0.13574885490927516,train,0
B,0,0.22492393061531135,val,0
B,0,0.41083334060807747,val,0
B,0,0.13217743211994476,train,0
B,0,0.1643510464067668,train,0
B,1,0.8450941585154315,train,1
B,1,0.9034290827966104,train,1
B,0,0.22337713469577725,train,0
B,0,0.2831257904352464,train,0
B,0,0.23092643093727463,train,0
B,0,0.06817319032906052,val,0
B,0,0.13086560879639825,train,0
B,1,0.8896511302325174,val,1
B,0,0.20151238759693946,val,0
B,0,0.18893608015137608,train,0
B,0,0.4148626526892756,val,0
B,0,0.48538699062132357,val,0
B,1,0.9132134442379058,train,1
B,0,0.44205066959729367,train,0
B,0,0.12055725366284124,train,0
B,1,0.83200977313714,test,1
B,0,0.43529808138382514,train,0
B,0,0.25417765940521414,train,0
B,0,0.17955485334962493,train,0
B,0,0.23503871851832633,train,0
B,1,0.6317679147608155,train,1
B,0,0.28134206713895,val,0
B,0,0.014592188713707932,train,0
B,0,0.2006408617637397,val,0
B,1,0.8716563159220218,val,1
B,0,0.3987698544860267,train,0
B,0,0.1841650608975801,train,0
B,0,0.3344750147607513,val,0
B,0,0.08111364231522751,test,0
B,1,0.8279248091687231,train,1
B,0,0.19746610106547552,train,0
B,1,0.4679010069653341,train,0
B,0,0.19222057163762804,val,0
B,0,0.25816149789926557,val,0
B,0,0.2539764900719112,train,0
B,0,0.10283830704849001,test,0
B,0,0.5236743310518346,train,1
B,0,0.1758893618093587,val,0
B,1,0.7488938762012434,train,1
B,1,0.5474102718304348,train,1
B,0,0.24236345484327879,train,0
B,1,0.7790216570181763,train,1
B,0,0.1282375645684071,train,0
B,0,0.09113426250849255,train,0
B,0,0.04365760990286492,train,0
B,0,0.39607948197625625,train,0
B,0,0.26616002307758596,train,0
B,0,0.20335550553904067,val,0
B,0,0.13055240504537216,val,0
B,0,0.1299113293118206,train,0
B,1,0.7672938771044198,train,1
B,0,0.11866277947981586,train,0
B,0,0.06694340231523552,test,0
B,0,0.14999808378915488,test,0
B,1,0.6915824226059776,train,1
B,1,0.5909629343965555,test,1
B,0,0.18091050774776277,val,0
B,0,0.1459176887060865,val,0
B,0,0.504476714939303,train,1
B,0,0.21623901267675225,train,0
B,0,0.19622049406446085,train,0
B,0,0.12456632847039886,train,0
B,0,0.4443365096222039,train,0
B,1,0.9197856041801119,train,1
B,0,0.14623409034077609,train,0
B,0,0.15895179241057045,train,0
B,0,0.046290777067677404,train,0
B,0,0.1583460867555439,train,0
B,0,0.08683936066482681,test,0
B,0,0.21799998311683585,val,0
B,0,0.3466148855294249,train,0
B,0,0.1733252217020381,train,0
B,1,0.6431681148781135,train,1
B,1,0.7427811748508605,train,1
B,0,0.18345097650882777,test,0
B,0,0.10822348369952738,train,0
B,0,0.4943774667139775,train,0
B,0,0.4544931660039817,val,0
B,0,0.34628585648644405,train,0
B,0,0.32594685744141216,train,0
B,1,0.8729538784352252,train,1
B,1,0.9037379004831456,train,1
B,0,0.11064800678487177,train,0
B,1,0.8808267339488832,train,1
B,0,0.3044844456012908,train,0
B,0,0.27426576734891256,val,0
B,0,0.31843496691687484,train,0
B,1,0.9578322619852646,test,1
B,0,0.041902989555411635,train,0
B,0,0.153331135423007,train,0
B,0,0.1048151110721234,train,0
B,0,0.14915435613412942,train,0
B,1,0.5773308774599041,train,1
B,0,0.17923669245276835,train,0
B,0,0.24701870651360996,val,0
B,0,0.30369400283857406,train,0
B,0,0.4367498160961076,train,0
B,0,0.1332942997310503,test,0
B,1,0.874949641531719,train,1
B,0,0.3516235301278152,train,0
B,0,0.2468944617325883,val,0
B,0,0.05515251694124959,train,0
B,0,0.24683515067858453,train,0
B,0,0.4389928636940798,train,0
B,0,0.4111100417186619,train,0
B,1,0.4994705761029842,train,0
B,0,0.19720564057955736,train,0
B,0,0.22851413232419743,test,0
B,0,0.3412817242674968,val,0
B,0,0.324767871938611,train,0
B,0,0.26569931081391585,train,0
B,0,0.17343708668475463,test,0
B,0,0.3899108147861889,train,0
B,0,0.16620903271106208,train,0
B,0,0.3684939231722407,train,0
B,0,0.10918056940213243,val,0
B,0,0.33369296018045463,train,0
B,1,0.7687229731657667,test,1
B,0,0.10474879589095325,train,0
B,0,0.36414709377828497,train,0
B,1,0.8998371081611084,train,1
B,0,0.43340486480895474,train,0
B,0,0.23992338062018323,val,0
B,0,0.3214282551079447,test,0
B,0,0.40739050992416675,train,0
B,1,0.689336081497752,test,1
B,0,0.41489331637673527,val,0
B,0,0.14596564977708115,train,0
B,0,0.19915287683327668,train,0
B,0,0.47504884872182124,train,0
B,0,0.23656442965366006,train,0
B,0,0.3143615004594247,train,0
B,0,0.17874962150390833,train,0
B,0,0.425354694115449,train,0
B,0,0.1873399822686082,val,0
B,1,0.8765934215015816,val,1
B,1,0.9509744710167687,train,1
B,0,0.05647016562379273,train,0
B,0,0.5655132902656581,train,1
B,0,0.21389549469500935,train,0
B,1,0.6178328851126468,train,1
B,1,0.8207495094635553,train,1
B,0,0.2662055337099408,train,0
B,0,0.053673403131873375,train,0
B,0,0.17626154901612245,train,0
B,0,0.07486490399769824,train,0
B,0,0.2453535935034872,val,0
B,0,0.35932565582187226,test,0
B,0,0.225251955548321,train,0
B,0,0.31620076895285903,train,0
B,0,0.2359838600098933,train,0
B,0,0.34060195886869576,train,0
B,1,0.7635099987322652,train,1
B,0,0.3995891719118683,train,0
B,0,0.06025695423462189,test,0
B,0,0.2041342621661517,train,0
B,1,0.9824440989208718,val,1
B,0,0.19815412233750473,train,0
B,0,0.2340889818728548,train,0
B,0,0.1329366138773588,train,0
B,0,0.280005778934204,train,0
B,0,0.16025396468270156,train,0
B,0,0.24850712356424845,train,0
B,0,0.22698243510218163,train,0
B,0,0.11394944174424751,train,0
B,0,0.18745541035122126,train,0
B,0,0.3418948856289115,test,0
B,0,0.16776702730654086,train,0
B,0,0.2961299109092379,train,0
B,0,0.24470829551885862,train,0
B,0,0.05945873392698827,test,0
B,0,0.06805598667331188,train,0
B,0,0.11129123085515337,train,0
B,0,0.10352706188630949,train,0
B,0,0.6162454588541267,train,1
B,0,0.3200508755529664,train,0
B,0,0.2096955509592814,test,0
B,1,0.7470996757066335,test,1
B,0,0.2151621956442394,train,0
B,0,0.18571469108323033,train,0
B,0,0.35633900909257926,train,0
B,0,0.16932293841621002,train,0
B,0,0.21706141219536704,test,0
B,1,0.5968854141940121,train,1
B,0,0.3346339830894223,train,0
B,0,0.20484011753398348,train,0
B,0,0.08154437157590876,val,0
B,0,0.4781038013027373,train,0
B,1,0.8567865367820692,train,1
B,0,0.2607587505753044,train,0
B,0,0.33544722304704583,train,0
B,0,0.3218248466198318,test,0
B,1,0.9676842357691084,train,1
B,0,0.365534944367481,train,0
B,1,0.9546869646759606,train,1
B,0,0.12028007833317869,val,0
B,0,0.09560269336344011,train,0
B,0,0.4809104561367798,train,0
B,0,0.2869582332545941,train,0
B,0,0.013879308447643337,train,0
B,0,0.2781612727596696,val,0
B,1,0.6186366293350264,test,1
B,0,0.10729049131541377,train,0
B,0,0.16140801970499932,train,0
B,1,0.7387464552319166,test,1
B,0,0.25625587934759086,train,0
B,0,0.16467651548731696,train,0
B,1,0.536980914895432,train,1
B,1,0.8548578139876962,train,1
B,0,0.4464139386501725,train,0
B,0,0.08818298930725195,val,0
B,0,0.3211024124793268,val,0
B,0,0.24171598825338267,train,0
B,0,0.10586446839323964,train,0
B,1,0.885188535048366,train,1
B,0,0.3866436383297715,train,0
B,0,0.27200472073582344,train,0
B,0,0.07843652349392541,train,0
B,0,0.31969456134540664,test,0
B,0,0.16443588720849778,val,0
B,1,0.6626787031251762,train,1
B,1,0.9167772776711807,train,1
B,0,0.45857146725242054,train,0
B,0,0.35466007227599017,test,0
B,0,0.2574284577696061,train,0
B,0,0.24216010332539847,train,0
B,0,0.4516628545632417,train,0
B,0,0.1961910880971807,test,0
B,1,0.8306073604578088,test,1
B,1,0.9002263240566931,train,1
B,0,0.044634693117092616,test,0
B,0,0.2659745782128304,train,0
B,0,0.30601354051860535,train,0
B,0,0.15814663021501107,val,0
B,0,0.1923968101480204,test,0
B,0,0.23864328119205283,train,0
B,0,0.04985254473823646,train,0
B,1,0.6568929609927506,val,1
B,0,0.4142049855139194,val,0
B,0,0.2349903431339285,test,0
B,1,0.6487978252796548,train,1
B,0,0.5106207718582961,test,1
B,0,0.4013621189586025,test,0
B,0,0.2288395394282681,train,0
B,0,0.1321040425605068,val,0
B,0,0.28642048028298617,train,0
B,1,0.8303368275768943,train,1
B,0,0.3909736787127915,train,0
B,0,0.10570667357218039,train,0
B,0,0.10068294299750019,train,0
B,0,0.4070131200774452,test,0
B,0,0.3037510366376426,train,0
B,0,0.27282709357190954,train,0
B,0,0.20289411124967,test,0
B,0,0.385413020250706,train,0
B,0,0.14540154783739948,train,0
B,0,0.1404266786774018,train,0
B,0,0.12135460560992688,train,0
B,0,0.14288823932042635,train,0
B,0,0.20167951630817468,val,0
B,0,0.6855746191660236,train,1
B,0,0.27270988816195313,val,0
B,0,0.3131205882578034,train,0
B,0,0.13666675414177337,train,0
B,0,0.3104755620499351,train,0
B,1,0.8968103486253541,val,1
B,0,0.20583133900043835,train,0
B,1,0.7604706934048631,train,1
B,1,0.9423071194870057,train,1
B,0,0.18405769818560647,train,0
B,0,0.4373801166555375,train,0
B,0,0.3305297648649424,train,0
B,0,0.16746386214490847,train,0
B,0,0.2945547078597965,val,0
B,0,0.4787710271339214,train,0
B,0,0.5169833445343496,train,1
B,0,0.2818360809792268,train,0
B,0,0.3964078106358585,train,0
B,1,0.8865277068470053,test,1
B,1,0.927642862375749,train,1
B,0,0.3396886809312877,train,0
B,0,0.24092216608843375,val,0
B,1,0.9690232793236241,train,1
B,0,0.1645402943609873,train,0
B,0,0.3114839887312537,train,0
B,0,0.23766655236362572,val,0
B,0,0.31056949887876434,test,0
B,0,0.16594392622241863,test,0
B,0,0.3181471538610255,train,0
B,0,0.14530198169877842,test,0
B,0,0.11702908640093677,train,0
B,0,0.44134304461664287,train,0
B,0,0.27814377176015254,val,0
B,1,0.9196857272859583,train,1
B,0,0.11365431202193478,train,0
B,0,0.23722280481940888,train,0
B,0,0.26564615657848134,train,0
B,0,0.3273336648368819,val,0
B,1,0.8439693091235322,train,1
B,0,0.38874528533254293,train,0
B,0,0.26871985130322584,train,0
B,0,0.15176430379511024,test,0
B,1,0.5595500045039807,val,1
B,0,0.1094888419267316,train,0
B,0,0.25187349178679647,test,0
B,1,0.9671642194884361,val,1
B,0,0.3298061511606653,train,0
B,0,0.19085078972621689,train,0
B,1,0.6668119535552398,train,1
B,1,0.7290794544721528,val,1
B,1,0.6444580964348733,train,1
B,0,0.16080293252038821,train,0
B,1,0.7598076428754869,train,1
B,0,0.16801122609523245,test,0
B,0,0.16755347235766924,train,0
B,0,0.25789303917014084,test,0
B,1,0.7046823407418291,test,1
B,0,0.22174383833831915,train,0
B,0,0.1014683367781951,train,0
B,0,0.42277002068468367,train,0
B,0,0.36373187765506243,test,0
B,1,0.8113830436205945,train,1
B,0,0.1869490239061327,train,0
B,0,0.23155515019333217,train,0
B,0,0.11971871910661282,train,0
B,0,0.1970294232786127,test,0
B,0,0.025271651368131805,train,0
B,1,0.8750529423172481,test,1
B,0,0.1950330798627004,train,0
B,0,0.3126904688709349,train,0
B,1,0.805871690485258,test,1
B,0,0.20639906093904825,train,0
B,0,0.21101941507542626,test,0
B,0,0.3687836072501238,train,0
B,1,0.6845314214766846,train,1
B,0,0.2877349711621987,train,0
B,0,0.14767715000667933,test,0
B,0,0.3321755348908863,test,0
B,1,0.9142842133356597,train,1
B,0,0.2136963222049033,train,0
B,0,0.5030749366578969,train,1
B,0,0.22964274990026456,train,0
B,0,0.11611116673184106,val,0
B,1,0.9155272634759904,train,1
B,1,0.5917551997047812,test,1
B,0,0.16107993514775765,train,0
B,0,0.1996381761893367,val,0
B,0,0.39322630007956827,train,0
B,0,0.183751471305523,train,0
B,0,0.10563287786729067,test,0
B,0,0.14068004733561665,train,0
B,0,0.5838745600861376,test,1
B,0,0.26604944738853464,test,0
B,0,0.1846914303935253,train,0
B,0,0.24669890899200628,train,0
B,1,0.8197828914174408,train,1
B,0,0.19247345662425905,train,0
B,0,0.11254363090761903,train,0
B,0,0.34016885507491995,train,0
B,0,0.20522952890060298,train,0
B,0,0.40486380786080656,train,0
B,0,0.22259130757264117,train,0
B,0,0.18763286738815302,train,0
B,0,0.4055220450399311,train,0
B,1,0.9297990027996517,train,1
B,0,0.21856086072169587,train,0
B,0,0.13759946178880264,train,0
B,0,0.34370284898371667,train,0
B,1,0.7641801875987521,train,1
B,1,0.7986840496097826,val,1
B,0,0.243370802980876,train,0
B,0,0.4633737505643112,train,0
B,1,0.8187560200603669,test,1
B,0,0.2746813334691772,val,0
B,0,0.1861493386766621,train,0
B,0,0.07636019479527793,train,0
B,0,0.2271649301302836,train,0
B,0,0.3974556167865941,train,0
B,0,0.2037036394562085,test,0
B,0,0.28441981944293754,train,0
B,0,0.2992954358447383,test,0
B,0,0.271445127441724,train,0
B,1,0.7564826090522038,test,1
B,0,0.21805765609552283,train,0
B,0,0.2769813397504879,train,0
B,0,0.16278819742700035,train,0
B,0,0.22688134965363385,train,0
B,0,0.11305448672502702,train,0
B,1,0.8354890423391302,val,1
B,0,0.47921568616995663,train,0
B,0,0.1738720451833204,val,0
B,0,0.38932524757163195,train,0
B,1,0.8467770824300953,train,1
B,0,0.3712126696399545,test,0
B,0,0.43404637951854014,train,0
B,0,0.12202152460724194,train,0
B,0,0.2291721560272397,train,0
B,0,0.26396738890553517,train,0
B,1,0.9655561398238032,test,1
B,0,0.2276937122356848,train,0
B,1,0.8377535607307721,train,1
B,0,0.40179116144458976,test,0
B,0,0.19537867772762577,train,0
B,0,0.24967207799077798,train,0
B,0,0.2887975720245726,test,0
B,0,0.24040244867347646,train,0
B,0,0.25980688595772505,val,0
B,0,0.15608714529402645,train,0
B,0,0.103855720825006,val,0
B,0,0.18031586584183162,test,0
B,1,0.9619594963020334,train,1
B,0,0.33043117796452093,train,0
B,0,0.251552677861611,train,0
B,1,0.7000416905324922,val,1
B,0,0.2218320318063889,train,0
B,0,0.2062400911890706,train,0
B,1,0.8257870741308235,train,1
B,0,0.5049727861986932,test,1
B,0,0.48285174157968036,train,0
B,0,0.22859336492616786,train,0
B,1,0.7893288591387961,train,1
B,0,0.08630565983579937,train,0
B,0,0.6408812236477109,train,1
B,0,0.7230138473197943,train,1
B,0,0.3984069479456896,test,0
B,0,0.21411877441501145,test,0
B,0,0.47206231073386357,train,0
B,0,0.37908973272702845,train,0
B,0,0.05749614807750884,train,0
B,0,0.48417133747459473,train,0
B,0,0.23867146089470612,train,0
B,0,0.25043407195290673,train,0
B,1,0.8690936414811453,train,1
B,0,0.11811136012235769,val,0
B,0,0.3063712573014587,val,0
B,0,0.3561708374500325,train,0
B,0,0.4079160527568227,train,0
B,1,0.7292193654656219,test,1
B,0,0.17761697527166673,test,0
B,1,0.9459203059263199,train,1
B,0,0.44634699300514286,train,0
B,0,0.12468331871846346,train,0
B,0,0.2233144440412674,train,0
B,0,0.2816756004050216,train,0
B,0,0.47534161272348857,train,0
B,0,0.1403014057676794,train,0
B,1,0.8475871891848733,train,1
B,1,0.7074266580293507,train,1
B,0,0.11893946622515209,test,0
B,0,0.32903468169640543,train,0
B,0,0.37190233611227186,train,0
B,0,0.27941843259657423,train,0
B,0,0.07945666176941707,train,0
B,0,0.5426242903837086,train,1
B,0,0.18793900463022212,train,0
B,1,0.6540997337564801,train,1
B,1,0.6272595035298743,train,1
B,0,0.2695926473182673,train,0
B,0,0.4517985327045754,val,0
B,0,0.4872711280169136,train,0
B,1,0.6167357045969738,train,1
B,0,0.5293415797009557,train,1
B,0,0.15978106233837225,train,0
B,0,0.45602384093216786,train,0
B,0,0.2734456605282706,train,0
B,0,0.1711017179439024,test,0
B,0,0.18750721620146912,test,0
B,1,0.6790241786404777,train,1
B,1,0.8998812070900092,test,1
B,0,0.20792084126923271,train,0
B,0,0.27043234067829997,test,0
B,0,0.34567198248426323,train,0
B,0,0.2291963251011199,train,0
B,0,0.1467175451797806,train,0
B,1,0.6939646505259444,train,1
B,0,0.4410620828130316,val,0
B,0,0.5232447102716701,test,1
B,0,0.23134079382439734,train,0
B,0,0.24006353519605936,val,0
B,0,0.3349348852106607,val,0
B,1,0.8345681313873622,train,1
B,0,0.4515718915278453,train,0
B,0,0.6382581763141314,train,1
B,0,0.22613854374717948,train,0
